https://www.wayfair.com/kitchen-tabletop/pdp/222-fifth-sea-splash-12-piece-melamine-dinnerware-set-service-for-4-ptsa1245.html;222 Fifth Sea Splash Melamine Dinnerware - Set of 12;222 Fifth;79;PTSA1245;Free Fast Delivery;
https://www.wayfair.com/kitchen-tabletop/pdp/222-fifth-kaden-12-piece-dinnerware-set-service-for-4-ptsa1330.html;222 Fifth Kaden Porcelain China Dinnerware - Set of 12;222 Fifth;71.64;PTSA1330;Free shipping;
https://www.wayfair.com/kitchen-tabletop/pdp/222-fifth-adelaide-16-piece-dinnerware-set-service-for-4-ptsa1380.html;222 Fifth Adelaide Porcelain China Dinnerware - Set of 16;222 Fifth;91.99;PTSA1380;Free shipping;
https://www.wayfair.com/kitchen-tabletop/pdp/222-fifth-adelaide-16-piece-dinnerware-set-service-for-4-ptsa1175.html;222 Fifth Adelaide Porcelain China Dinnerware - Set of 16;222 Fifth;91.9;PTSA1175;Free shipping;
https://www.wayfair.com/kitchen-tabletop/pdp/222-fifth-reactive-glaze-aqua-12-piece-dinnerware-set-service-for-4-ptsa1334.html;222 Fifth Reactive Glaze Earthenware Dinnerware - Set of 12;222 Fifth;55.22;PTSA1334;Free shipping;
https://www.wayfair.com/kitchen-tabletop/pdp/222-fifth-strata-12-piece-melamine-dinnerware-set-service-for-4-ptsa1244.html;222 Fifth Strata Melamine Dinnerware - Set of 12;222 Fifth;21.42;PTSA1244;Free shipping;
https://www.wayfair.com/kitchen-tabletop/pdp/222-fifth-eliza-teal-16-piece-dinnerware-set-service-for-4-ptsa1005.html;222 Fifth Eliza Porcelain China Dinnerware - Set of 16;222 Fifth;95.9;PTSA1005;Free shipping;
https://www.wayfair.com/kitchen-tabletop/pdp/222-fifth-peacock-garden-16-piece-dinnerware-set-service-for-4-ptsa1264.html;222 Fifth Peacock Garden Porcelain China Dinnerware - Set of 16;222 Fifth;109.99;PTSA1264;Free shipping;
https://www.wayfair.com/kitchen-tabletop/pdp/222-fifth-serengeti-leopard-16-piece-dinnerware-set-service-for-4-ptsa1387.html;222 Fifth Serengeti Porcelain China Dinnerware - Set of 16;222 Fifth;68.39;PTSA1387;Free shipping;
https://www.wayfair.com/kitchen-tabletop/pdp/222-fifth-new-dynasty-12-piece-melamine-dinnerware-set-service-for-4-ptsa1395.html;222 Fifth New Dynasty Melamine Dinnerware - Set of 12;222 Fifth;48.9;PTSA1395;Free shipping;
https://www.wayfair.com/kitchen-tabletop/pdp/222-fifth-shimmer-wonderland-12-piece-dinnerware-set-service-for-4-ptsa1407.html;222 Fifth Shimmer Wonderland Porcelain China Dinnerware - Set of 12;222 Fifth;83.93;PTSA1407;Free shipping;
https://www.wayfair.com/kitchen-tabletop/pdp/222-fifth-hometown-celebration-4-piece-coffee-mug-set-ptsa1402.html;Hometown Celebrations Porcelain Coffee Mug;222 Fifth;21.99;PTSA1402;Free shipping;
https://www.wayfair.com/kitchen-tabletop/pdp/222-fifth-shimmer-wonderland-4-piece-latte-mug-set-ptsa1408.html;Shimmer Wonderland Porcelain Latte Mug;222 Fifth;45.99;PTSA1408;Free shipping;
https://www.wayfair.com/kitchen-tabletop/pdp/222-fifth-holiday-wishes-12-piece-dinnerware-set-service-for-4-ptsa1401.html;222 Fifth Holiday Wishes Porcelain China Dinnerware - Set of 12;222 Fifth;90.58;PTSA1401;Free shipping;
https://www.wayfair.com/kitchen-tabletop/pdp/222-fifth-wexford-12-piece-dinnerware-set-service-for-4-ptsa1413.html;222 Fifth Wexford Porcelain China Dinnerware - Set of 12;222 Fifth;75.1;PTSA1413;Free shipping;
https://www.wayfair.com/kitchen-tabletop/pdp/222-fifth-christmas-foliage-12-piece-dinnerware-set-service-for-4-ptsa1400.html;222 Fifth Christmas Foliage Porcelain China Dinnerware - Set of 12;222 Fifth;98.11;PTSA1400;Free shipping;
https://www.wayfair.com/kitchen-tabletop/pdp/222-fifth-sommers-creek-12-piece-dinnerware-set-service-for-4-ptsa1411.html;222 Fifth Somers Creek Porcelain China Dinnerware - Set of 12;222 Fifth;92.99;PTSA1411;Free shipping;
https://www.wayfair.com/kitchen-tabletop/pdp/222-fifth-northwood-cottage-coffee-mug-ptsa1405.html;Northwood Cottage Porcelain Coffee Mug (Set of 4);222 Fifth;39.99;PTSA1405;Free shipping;
https://www.wayfair.com/kitchen-tabletop/pdp/222-fifth-northwood-cottage-12-piece-dinnerware-set-service-for-4-ptsa1406.html;222 Fifth Northwood Cottage Porcelain China Dinnerware - Set of 12;222 Fifth;100.91;PTSA1406;Free shipping;
https://www.wayfair.com/kitchen-tabletop/pdp/222-fifth-brittany-navy-12-piece-dinnerware-set-ptsa1415.html;Brittany Navy 12 Piece Dinnerware Set;222 Fifth;103.99;PTSA1415;Free shipping;
https://www.wayfair.com/kitchen-tabletop/pdp/222-fifth-winter-harvest-12-piece-dinnerware-set-service-for-4-ptsa1414.html;222 Fifth Winter Harvest Porcelain China Dinnerware - Set of 12;222 Fifth;47.69;PTSA1414;Free shipping;
